Id,ticker,company_name,Price[]
1,TRWD,Tradewinds Universal,
2,NTCS,Natics Corp.,
3,LMMY,"Exousia Bio, Inc.",
4,,X1 CAPITAL INC.,
5,NEWH,"NewHydrogen, Inc.",
6,SMNR,"Semnur Pharmaceuticals, Inc.",
7,SMNRW,"Semnur Pharmaceuticals, Inc.",
8,RNGC,Ranger Gold Corp.,
9,VS,Versus Systems Inc.,
10,QXO,"QXO, Inc.",
11,QXO-PB,"QXO, Inc.",
12,LTBR,LIGHTBRIDGE Corp,
13,WNW,Meiwu Technology Co Ltd,
14,,CONX CORP.,
15,MLAC,Mountain Lake Acquisition Corp.,
16,MLACU,Mountain Lake Acquisition Corp.,
17,MLACR,Mountain Lake Acquisition Corp.,
18,CRCE,"Circle Energy, Inc./NV",
19,MNTR,"Mentor Capital, Inc.",
20,,"Ridgewood Energy X Fund, LLC",
21,NNUP,NOCOPI TECHNOLOGIES INC/MD/,
22,JANX,"Janux Therapeutics, Inc.",
23,NTIP,"NETWORK-1 TECHNOLOGIES, INC.",
24,HOLO,MicroCloud Hologram Inc.,
25,HOLOW,MicroCloud Hologram Inc.,
26,NNE,Nano Nuclear Energy Inc.,
27,NRDE,NU RIDE INC.,
28,AASP,Agassi Sports Entertainment Corp.,
29,LGL,LGL GROUP INC,
30,DJT,Trump Media & Technology Group Corp.,
31,DJTWW,Trump Media & Technology Group Corp.,
32,EHSI,Elite Health Systems Inc.,
33,UPB,"Upstream Bio, Inc.",
34,GGROU,Golden Growers Cooperative,
35,OKLO,Oklo Inc.,
36,,"Deep Fission, Inc.",
37,GXAI,GAXOS.AI INC.,
38,,"THIRD HARMONIC BIO, INC.",
39,NVEC,NVE CORP /NEW/,
40,RR,RICHTECH ROBOTICS INC.,
41,,"Pershing Square SPARC Holdings, Ltd./DE",
42,,GSR III Acquisition Corp.,
43,WETH,Wetouch Technology Inc.,
44,CCIX,Churchill Capital Corp IX/Cayman,
45,CCIXW,Churchill Capital Corp IX/Cayman,
46,CCIXU,Churchill Capital Corp IX/Cayman,
47,ROIV,Roivant Sciences Ltd.,
48,MEGL,Magic Empire Global Ltd,
49,CKX,"CKX LANDS, INC.",
50,CNTX,Context Therapeutics Inc.,
51,CURX,Curanex Pharmaceuticals Inc,
52,RAPP,"Rapport Therapeutics, Inc.",
53,CGON,"CG Oncology, Inc.",
54,SGMT,Sagimet Biosciences Inc.,
55,,ESSA Pharma Inc.,
56,VKTX,"Viking Therapeutics, Inc.",
57,TMQ,Trilogy Metals Inc.,
58,CLYM,"Climb Bio, Inc.",
59,,ContextLogic Inc.,
60,LOGC,ContextLogic Holdings Inc.,
61,NXTT,Next Technology Holding Inc.,
62,GEG,"Great Elm Group, Inc.",
63,GEGGL,"Great Elm Group, Inc.",
64,,"TOURMALINE BIO, INC.",
65,LEXX,Lexaria Bioscience Corp.,
66,DSGN,"Design Therapeutics, Inc.",
67,IPWR,Ideal Power Inc.,
68,ORKA,"Oruka Therapeutics, Inc.",
69,NPWR,NET Power Inc.,
70,NPWR-WT,NET Power Inc.,
71,SUIG,SUI Group Holdings Ltd.,
72,ENZN,"Viskase Holdings, Inc.",
73,BCAX,Bicara Therapeutics Inc.,
74,SEPN,"Septerna, Inc.",
75,BTCT,BTC Digital Ltd.,
76,RBNE,Robin Energy Ltd.,
77,IKT,"Inhibikase Therapeutics, Inc.",
78,NNDM,Nano Dimension Ltd.,
79,RDGL,VIVOS INC,
80,VERA,"Vera Therapeutics, Inc.",
81,UTMD,UTAH MEDICAL PRODUCTS INC,
82,BNTC,Benitec Biopharma Inc.,
83,MACI,Melar Acquisition Corp. I/Cayman,
84,MACIW,Melar Acquisition Corp. I/Cayman,
85,MACIU,Melar Acquisition Corp. I/Cayman,
86,SIMA,SIM Acquisition Corp. I,
87,SIMAU,SIM Acquisition Corp. I,
88,SIMAW,SIM Acquisition Corp. I,
89,ORMP,ORAMED PHARMACEUTICALS INC.,
90,AVIR,"Atea Pharmaceuticals, Inc.",
91,ORIS,ORIENTAL RISE HOLDINGS Ltd,
92,GPCR,Structure Therapeutics Inc.,
93,ELSE,ELECTRO SENSORS INC,
94,BLTE,"BELITE BIO, INC",
95,MBX,"MBX Biosciences, Inc.",
96,TYRA,"Tyra Biosciences, Inc.",
97,,"U. S. PREMIUM BEEF, LLC",
98,,"Terns Pharmaceuticals, Inc.",
99,CRNX,"Crinetics Pharmaceuticals, Inc.",
100,NG,NOVAGOLD RESOURCES INC,
101,FULC,"Fulcrum Therapeutics, Inc.",
102,,"Ridgewood Energy Q Fund, LLC",
103,CRSP,CRISPR Therapeutics AG,
104,PALX,Palomino Laboratories Inc.,
105,KROS,"Keros Therapeutics, Inc.",
106,,"Elevation Oncology, Inc.",
107,IWSH,"Wright Investors Service Holdings, Inc.",
108,IRON,"Disc Medicine, Inc.",
109,MLTX,MoonLake Immunotherapeutics,
110,NUVL,"Nuvalent, Inc.",
111,USLM,UNITED STATES LIME & MINERALS INC,
112,NBP,NovaBridge Biosciences,
113,NVNO,enVVeno Medical Corp,
114,NGNE,Neurogene Inc.,
115,CTNM,"Contineum Therapeutics, Inc.",
116,TENX,"TENAX THERAPEUTICS, INC.",
117,LENZ,"LENZ Therapeutics, Inc.",
118,RDAC,Rising Dragon Acquisition Corp.,
119,RDACR,Rising Dragon Acquisition Corp.,
120,RDACU,Rising Dragon Acquisition Corp.,
121,JOBY,"Joby Aviation, Inc.",
122,JOBY-WT,"Joby Aviation, Inc.",
123,ELVN,"Enliven Therapeutics, Inc.",
124,GROW,U S GLOBAL INVESTORS INC,
125,AVTX,"Avalo Therapeutics, Inc.",
126,EWTX,"Edgewise Therapeutics, Inc.",
127,PCSV,"PCS Edventures!, Inc.",
128,PCSVD,"PCS Edventures!, Inc.",
129,WLAC,Willow Lane Acquisition Corp.,
130,WLACU,Willow Lane Acquisition Corp.,
131,WLACW,Willow Lane Acquisition Corp.,
132,EBON,Ebang International Holdings Inc.,
133,,"Akero Therapeutics, Inc.",
134,INVE,"Identiv, Inc.",
135,BOLD,"Boundless Bio, Inc.",
136,CLDX,"Celldex Therapeutics, Inc.",
137,CRON,Cronos Group Inc.,
138,CELZ,"CREATIVE MEDICAL TECHNOLOGY HOLDINGS, INC.",
139,APGE,"Apogee Therapeutics, Inc.",
140,AMPG,"AmpliTech Group, Inc.",
141,AMPGZ,"AmpliTech Group, Inc.",
142,AMPGR,"AmpliTech Group, Inc.",
143,SERV,Serve Robotics Inc. /DE/,
144,GIGM,GIGAMEDIA Ltd,
145,HNNA,HENNESSY ADVISORS INC,
146,HNNAZ,HENNESSY ADVISORS INC,
147,VACH,Voyager Acquisition Corp./Cayman Islands,
148,VACHU,Voyager Acquisition Corp./Cayman Islands,
149,VACHW,Voyager Acquisition Corp./Cayman Islands,
150,,"ACELYRIN, INC.",
151,EJH,E-Home Household Service Holdings Ltd,
152,,"Ventyx Biosciences, Inc.",
153,XENE,Xenon Pharmaceuticals Inc.,
154,BMR,Beamr Imaging Ltd.,
155,PHUN,"Phunware, Inc.",
156,,"Astria Therapeutics, Inc.",
157,TAOX,TAO Synergies Inc.,
158,RGTI,"Rigetti Computing, Inc.",
159,RGTIW,"Rigetti Computing, Inc.",
160,NAUT,"Nautilus Biotechnology, Inc.",
161,QUBT,Quantum Computing Inc.,
162,PLYX,"Polaryx Therapeutics, Inc.",
163,ENGN,enGene Therapeutics Inc.,
164,ENGNW,enGene Therapeutics Inc.,
165,BIVI,BIOVIE INC.,
166,BIVIW,BIOVIE INC.,
167,ANRO,"Alto Neuroscience, Inc.",
168,VGZ,VISTA GOLD CORP,
169,CBLL,"Ceribell, Inc.",
170,NXDR,"Nextdoor Holdings, Inc.",
171,PFHO,PACIFIC HEALTH CARE ORGANIZATION INC,
172,SEER,"Seer, Inc.",
173,SKYE,"Skye Bioscience, Inc.",
174,XPL,SOLITARIO RESOURCES CORP.,
175,APT,ALPHA PRO TECH LTD,
176,DMLP,"DORCHESTER MINERALS, L.P.",
177,RLAY,"Relay Therapeutics, Inc.",
178,TIL,"Instil Bio, Inc.",
179,LWLG,"Lightwave Logic, Inc.",
180,,"AVIDITY BIOSCIENCES, INC.",
181,TARA,"Protara Therapeutics, Inc.",
182,SLNO,SOLENO THERAPEUTICS INC,
183,DYN,"Dyne Therapeutics, Inc.",
184,ENHA,Enhanced Group Inc.,
185,APAD,Enhanced Group Inc.,
186,VRDN,"Viridian Therapeutics, Inc.\DE",
187,ARTV,"Artiva Biotherapeutics, Inc.",
188,,"Ridgewood Energy U Fund, LLC",
189,DNTH,"Dianthus Therapeutics, Inc. /DE/",
190,MI,NFT Ltd,
191,AARD,"Aardvark Therapeutics, Inc.",
192,ACOG,Alpha Cognition Inc.,
193,ATOS,"ATOSSA THERAPEUTICS, INC.",
194,IDYA,"IDEAYA Biosciences, Inc.",
195,CMPX,"Compass Therapeutics, Inc.",
196,FDMT,"4D Molecular Therapeutics, Inc.",
197,,"NEUROMETRIX, INC.",
198,LPCN,Lipocine Inc.,
199,SION,"Sionna Therapeutics, Inc.",
200,NKTX,"Nkarta, Inc.",
201,DTCX,"Datacentrex, Inc.",
202,EUBG,ENTREPRENEUR UNIVERSE BRIGHT GROUP,
203,SPRY,"ARS Pharmaceuticals, Inc.",
204,QS,QuantumScape Corp,
205,PMCB,"PharmaCyte Biotech, Inc.",
206,RVMD,"Revolution Medicines, Inc.",
207,RVMDW,"Revolution Medicines, Inc.",
208,DMRA,"Damora Therapeutics, Inc.",
209,MLYS,"Mineralys Therapeutics, Inc.",
210,CDIO,"Cardio Diagnostics Holdings, Inc.",
211,CDIOW,"Cardio Diagnostics Holdings, Inc.",
212,KRNT,Kornit Digital Ltd.,
213,MNOV,MEDICINOVA INC,
214,BCYC,BICYCLE THERAPEUTICS PLC,
215,,"CARGO Therapeutics, Inc.",
216,SVRA,Savara Inc,
217,INTJ,Intelligent Group Ltd,
218,COBA,Chilean Cobalt Corp.,
219,CGEM,"Cullinan Therapeutics, Inc.",
220,OCG,Oriental Culture Holding LTD,
221,,"Ridgewood Energy W Fund, LLC",
222,RSRV,RESERVE PETROLEUM CO,
223,,"89bio, Inc.",
224,ANNA,"AleAnna, Inc.",
225,ANNAW,"AleAnna, Inc.",
226,YDES,YD Bio Ltd,
227,YDESW,YD Bio Ltd,
228,LMAT,LEMAITRE VASCULAR INC,
229,AVBP,"ArriVent BioPharma, Inc.",
230,ALT,"Altimmune, Inc.",
231,HKIT,HiTek Global Inc.,
232,MGAM,"Mobile Global Esports, Inc.",
233,CRBP,"Corbus Pharmaceuticals Holdings, Inc.",
234,RSKIA,"GEORGE RISK INDUSTRIES, INC.",
235,BIOA,"BioAge Labs, Inc.",
236,CODA,"Coda Octopus Group, Inc.",
237,LQMT,LIQUIDMETAL TECHNOLOGIES INC,
238,PCVX,"Vaxcyte, Inc.",
239,CATX,"Perspective Therapeutics, Inc.",
240,REEMF,RARE ELEMENT RESOURCES LTD,
241,CLSK,"CLEANSPARK, INC.",
242,CLSKW,"CLEANSPARK, INC.",
243,VUZI,Vuzix Corp,
244,TECX,"Tectonic Therapeutic, Inc.",
245,,"VERVE THERAPEUTICS, INC.",
246,RDDT,"Reddit, Inc.",
247,,"iTeos Therapeutics, Inc.",
248,WNDW,"SolarWindow Technologies, Inc.",
249,LUCY,Innovative Eyewear Inc,
250,LUCYW,Innovative Eyewear Inc,
251,USAU,U.S. GOLD CORP.,
252,CTNT,CHEETAH NET SUPPLY CHAIN SERVICE INC.,
253,PTGX,"Protagonist Therapeutics, Inc",
254,LPBB,Launch Two Acquisition Corp.,
255,LPBBW,Launch Two Acquisition Corp.,
256,LPBBU,Launch Two Acquisition Corp.,
257,ELDN,"Eledon Pharmaceuticals, Inc.",
258,FACT,FACT II Acquisition Corp.,
259,FACTW,FACT II Acquisition Corp.,
260,FACTU,FACT II Acquisition Corp.,
261,ITOC,iTonic Holdings Ltd,
262,POLE,Andretti Acquisition Corp. II,
263,POLEU,Andretti Acquisition Corp. II,
264,POLEW,Andretti Acquisition Corp. II,
265,DJCO,DAILY JOURNAL CORP,
266,CUB,Lionheart Holdings,
267,CUBWU,Lionheart Holdings,
268,CUBWW,Lionheart Holdings,
269,PMVP,"PMV Pharmaceuticals, Inc.",
270,ZCMD,Zhongchao Inc.,
271,GENC,GENCOR INDUSTRIES INC,
272,TAIT,TAITRON COMPONENTS INC,
273,SES,SES AI Corp,
274,SES-WT,SES AI Corp,
275,ACHR,Archer Aviation Inc.,
276,ACHR-WT,Archer Aviation Inc.,
277,CVRX,"CVRx, Inc.",
278,NEOV,NeoVolta Inc.,
279,NEOVW,NeoVolta Inc.,
280,FVN,Future Vision II Acquisition Corp.,
281,FVNNU,Future Vision II Acquisition Corp.,
282,FVNNR,Future Vision II Acquisition Corp.,
283,ISRLF,Israel Acquisitions Corp,
284,ISLUF,Israel Acquisitions Corp,
285,ISLWF,Israel Acquisitions Corp,
286,DCTH,"DELCATH SYSTEMS, INC.",
287,QSI,Quantum-Si Inc,
288,QSIAW,Quantum-Si Inc,
289,MSN,EMERSON RADIO CORP,
290,AUR,"Aurora Innovation, Inc.",
291,AUROW,"Aurora Innovation, Inc.",
292,AGIO,"AGIOS PHARMACEUTICALS, INC.",
293,PLSE,"PULSE BIOSCIENCES, INC.",
294,PONY,Pony AI Inc.,
295,PYAIF,Pony AI Inc.,
296,TORO,TORO CORP.,
297,MANE,"Veradermics, Inc",
298,,"Ridgewood Energy Y Fund, LLC",
299,ALAB,"Astera Labs, Inc.",
300,FLNA,"FILANA THERAPEUTICS, INC.",
301,COYA,"Coya Therapeutics, Inc.",
302,XBIT,XBiotech Inc.,
303,MNPR,Monopar Therapeutics,
304,CNTB,Connect Biopharma Holdings Ltd,
305,,"Lomond Therapeutics Holdings, Inc.",
306,REPL,"Replimune Group, Inc.",
307,RXST,"RxSight, Inc.",
308,SYRE,"Spyre Therapeutics, Inc.",
309,FONR,FONAR CORP,
310,ZBAI,ATIF Holdings Ltd,
311,TRDA,"Entrada Therapeutics, Inc.",
312,SLN,Silence Therapeutics plc,
313,SLNCF,Silence Therapeutics plc,
314,CRVO,CervoMed Inc.,
315,EPRX,EUPRAXIA PHARMACEUTICALS INC.,
316,ORGN,"Origin Materials, Inc.",
317,ORGNW,"Origin Materials, Inc.",
318,,Regulus Therapeutics Inc.,
319,KALV,"KalVista Pharmaceuticals, Inc.",
320,PROK,PROKIDNEY CORP.,
321,NEON,Neonode Inc.,
322,AEI,Alset Inc.,
323,PLRX,"PLIANT THERAPEUTICS, INC.",
324,MXCT,"MAXCYTE, INC.",
325,AUTL,Autolus Therapeutics plc,
326,RLYB,Rallybio Corp,
327,RLX,RLX Technology Inc.,
328,,"HILLEVAX, INC.",
329,TPL,Texas Pacific Land Corp,
330,,Dynavax Technologies Corporation,
331,AURA,"Aura Biosciences, Inc.",
332,PRAX,"Praxis Precision Medicines, Inc.",
333,ASTC,ASTROTECH Corp,
334,OKUR,"OnKure Therapeutics, Inc.",
335,NNNN,Anbio Biotechnology,
336,PULM,"Pulmatrix, Inc.",
337,OLPX,"OLAPLEX HOLDINGS, INC.",
338,OCUL,"OCULAR THERAPEUTIX, INC",
339,LITS,"Lite Strategy, Inc.",
340,GRAL,"GRAIL, Inc.",
341,,Verona Pharma plc,
342,AMTD,AMTD IDEA GROUP,
343,CLFD,"Clearfield, Inc.",
344,,Monogram Technologies Inc.,
345,ORIC,"Oric Pharmaceuticals, Inc.",
346,ACRV,"Acrivon Therapeutics, Inc.",
347,PROF,Profound Medical Corp.,
348,NMRA,"Neumora Therapeutics, Inc.",
349,OLMA,"Olema Pharmaceuticals, Inc.",
350,IONQ,"IonQ, Inc.",
351,IONQ-WT,"IonQ, Inc.",
352,NTWO,Newbury Street II Acquisition Corp,
353,NTWOU,Newbury Street II Acquisition Corp,
354,NTWOW,Newbury Street II Acquisition Corp,
355,TRVI,"Trevi Therapeutics, Inc.",
356,,EVERFLOW EASTERN PARTNERS LP,
357,ANNX,"Annexon, Inc.",
358,LAC,LITHIUM AMERICAS CORP.,
359,GIPL,Global Innovative Platforms Inc.,
360,EURK,Eureka Acquisition Corp,
361,EURKR,Eureka Acquisition Corp,
362,EURKU,Eureka Acquisition Corp,
363,INMD,InMode Ltd.,
364,BBLG,Bone Biologics Corp,
365,BBLGW,Bone Biologics Corp,
366,REFR,RESEARCH FRONTIERS INC,
367,PLRZ,Polyrizon Ltd.,
368,SMMT,Summit Therapeutics Inc.,
369,FTCO,Fortitude Gold Corp,
370,TBTC,TABLE TRAC INC,
371,TANH,TANTECH HOLDINGS LTD,
372,PRTA,PROTHENA CORP PUBLIC LTD CO,
373,GLE,Global Engine Group Holding Ltd,
374,KOSS,KOSS CORP,
375,SOS,SOS Ltd,
376,OSUR,ORASURE TECHNOLOGIES INC,
377,EXOD,"Exodus Movement, Inc.",
378,OMCC,OLD MARKET CAPITAL Corp,
379,ERAS,"Erasca, Inc.",
380,ABCL,AbCellera Biologics Inc.,
381,BNC,CEA Industries Inc.,
382,BNCWZ,CEA Industries Inc.,
383,BNCWW,CEA Industries Inc.,
384,USGO,U.S. GoldMining Inc.,
385,USGOW,U.S. GoldMining Inc.,
386,MAZE,"Maze Therapeutics, Inc.",
387,QURE,uniQure N.V.,
388,VBIO,"Valion Bio, Inc.",
389,LPAA,Launch One Acquisition Corp.,
390,LPAAW,Launch One Acquisition Corp.,
391,LPAAU,Launch One Acquisition Corp.,
392,SRTS,"Sensus Healthcare, Inc.",
393,PDYN,Palladyne AI Corp.,
394,PDYNW,Palladyne AI Corp.,
395,SRRK,Scholar Rock Holding Corp,
396,NBIS,Nebius Group N.V.,
397,RVRC,Revium Rx.,
398,TUYA,Tuya Inc.,
399,ANAB,"ANAPTYSBIO, INC",
400,KURA,"Kura Oncology, Inc.",
401,UEC,URANIUM ENERGY CORP,
402,BFRG,"BullFrog AI Holdings, Inc.",
403,BFRGW,"BullFrog AI Holdings, Inc.",
404,ICG,Intchains Group Ltd,
405,RNAC,"Cartesian Therapeutics, Inc.",
406,HYMC,HYCROFT MINING HOLDING CORP,
407,HYMCW,HYCROFT MINING HOLDING CORP,
408,VTGN,"Vistagen Therapeutics, Inc.",
409,ANIX,Anixa Biosciences Inc,
410,ASPI,ASP Isotopes Inc.,
411,RZLT,"Rezolute, Inc.",
412,RCKT,"ROCKET PHARMACEUTICALS, INC.",
413,RCKTW,"ROCKET PHARMACEUTICALS, INC.",
414,POWI,POWER INTEGRATIONS INC,
415,ACET,"Adicet Bio, Inc.",
416,ALMU,"Aeluma, Inc.",
417,RFL,"Rafael Holdings, Inc.",
418,CNTA,Centessa Pharmaceuticals plc,
419,CREG,Smart Powerr Corp.,
420,CHAR,Charlton Aria Acquisition Corp,
421,CHARR,Charlton Aria Acquisition Corp,
422,CHARU,Charlton Aria Acquisition Corp,
423,HOTH,"Hoth Therapeutics, Inc.",
424,RCON,"Recon Technology, Ltd",
425,HYLN,Hyliion Holdings Corp.,
426,ZURA,Zura Bio Ltd,
427,ATNM,"Actinium Pharmaceuticals, Inc.",
428,SIGA,SIGA TECHNOLOGIES INC,
429,MIST,Milestone Pharmaceuticals Inc.,
430,PRCT,PROCEPT BioRobotics Corp,
431,SGHT,"Sight Sciences, Inc.",
432,NUVB,Nuvation Bio Inc.,
433,YMM,Full Truck Alliance Co. Ltd.,
434,HTT,High Templar Tech Ltd,
435,BTCS,BTCS Inc.,
436,CSGP,"COSTAR GROUP, INC.",
437,GIG,GigCapital7 Corp.,
438,GIGGU,GigCapital7 Corp.,
439,GIGGW,GigCapital7 Corp.,
440,PZG,Paramount Gold Nevada Corp.,
441,LGND,LIGAND PHARMACEUTICALS INC,
442,LGNZZ,LIGAND PHARMACEUTICALS INC,
443,LGNDZ,LIGAND PHARMACEUTICALS INC,
444,LGNXZ,LIGAND PHARMACEUTICALS INC,
445,LGNYZ,LIGAND PHARMACEUTICALS INC,
446,SKAS,"Saker Aviation Services, Inc.",
447,STTK,"Shattuck Labs, Inc.",
448,IRMD,IRADIMED CORP,
449,KRRO,"Korro Bio, Inc.",
450,ZOMDF,Zomedica Corp.,
451,PINS,"PINTEREST, INC.",
452,DOCS,"Doximity, Inc.",
453,VIR,"Vir Biotechnology, Inc.",
454,ONTO,ONTO INNOVATION INC.,
455,QTRX,Quanterix Corp,
456,LMFA,"LM FUNDING AMERICA, INC.",
457,ATXG,ADDENTAX GROUP CORP.,
458,REX,REX AMERICAN RESOURCES Corp,
459,,"Ridgewood Energy O Fund, LLC",
460,KYTX,"Kyverna Therapeutics, Inc.",
461,SILC,SILICOM LTD.,
462,IEHC,IEH Corp,
463,ALLO,"Allogene Therapeutics, Inc.",
464,PMN,ProMIS Neurosciences Inc.,
465,IONS,IONIS PHARMACEUTICALS INC,
466,ACTG,ACACIA RESEARCH CORP,
467,DNLI,Denali Therapeutics Inc.,
468,RMBS,RAMBUS INC,
469,ANTX,"AN2 Therapeutics, Inc.",
470,RGEN,REPLIGEN CORP,
471,GEVO,"Gevo, Inc.",
472,RVP,RETRACTABLE TECHNOLOGIES INC,
473,TMDX,"TransMedics Group, Inc.",
474,DMAC,DiaMedica Therapeutics Inc.,
475,WDSP,"World Scan Project, Inc.",
476,CV,"CapsoVision, Inc",
477,,"Ridgewood Energy A-1 Fund, LLC",
478,ABUS,Arbutus Biopharma Corp,
479,UBXG,U-BX Technology Ltd.,
480,TCRX,"TScan Therapeutics, Inc.",
481,EXOZ,EXOZYMES INC.,
482,BBOT,"BridgeBio Oncology Therapeutics, Inc.",
483,NAMS,NewAmsterdam Pharma Co N.V.,
484,NAMSW,NewAmsterdam Pharma Co N.V.,
485,DAVE,Dave Inc./DE,
486,DAVEW,Dave Inc./DE,
487,GME,GameStop Corp.,
488,GME-WT,GameStop Corp.,
489,BRNS,Barinthus Biotherapeutics plc.,
490,BLLN,"BillionToOne, Inc.",
491,INTI,"Inhibitor Therapeutics, Inc.",
492,LRMR,"Larimar Therapeutics, Inc.",
493,WSTRF,Western Uranium & Vanadium Corp.,
494,LICN,Lichen International Ltd,
495,IMPP,Imperial Petroleum Inc./Marshall Islands,
496,IMPPP,Imperial Petroleum Inc./Marshall Islands,
497,ASTS,"AST SpaceMobile, Inc.",
498,CPRT,COPART INC,
499,NERV,"Minerva Neurosciences, Inc.",
500,ALRM,"Alarm.com Holdings, Inc.",
501,AIRJ,AirJoule Technologies Corp.,
502,AIRJW,AirJoule Technologies Corp.,
503,EYPT,"EyePoint, Inc.",
504,HALO,"HALOZYME THERAPEUTICS, INC.",
505,CAPR,"CAPRICOR THERAPEUTICS, INC.",
506,EBRCZ,"EBR Systems, Inc.",
507,KVHI,KVH INDUSTRIES INC DE,
508,CELC,Celcuity Inc.,
509,,"Techpoint, Inc.",
510,SNSE,"Sensei Biotherapeutics, Inc.",
511,CRDO,Credo Technology Group Holding Ltd,
512,CHR,"Cheer Holding, Inc.",
513,SIBN,"SI-BONE, Inc.",
514,,"DAY ONE BIOPHARMACEUTICALS, INC.",
515,ENTX,Entera Bio Ltd.,
516,GDYN,"GRID DYNAMICS HOLDINGS, INC.",
517,LGVN,Longeveron Inc.,
518,KEEL,Keel Infrastructure Corp.,
519,FATE,FATE THERAPEUTICS INC,
520,ATOM,Atomera Inc,
521,VLN,Valens Semiconductor Ltd.,
522,VLN-WT,Valens Semiconductor Ltd.,
523,AMBQ,"Ambiq Micro, Inc.",
524,AEHR,AEHR TEST SYSTEMS,
525,PKE,PARK AEROSPACE CORP,
526,NSSC,"NAPCO SECURITY TECHNOLOGIES, INC",
527,,"Kronos Bio, Inc.",
528,MRVI,"MARAVAI LIFESCIENCES HOLDINGS, INC.",
529,KYMR,"Kymera Therapeutics, Inc.",
530,,Olo Inc.,
531,NXTC,"NextCure, Inc.",
532,PYXS,"Pyxis Oncology, Inc.",
533,VICR,VICOR CORP,
534,PACB,"PACIFIC BIOSCIENCES OF CALIFORNIA, INC.",
535,SBXD,SilverBox Corp IV,
536,SBXD-WT,SilverBox Corp IV,
537,SBXD-UN,SilverBox Corp IV,
538,CWGL,"Crimson Wine Group, Ltd",
539,HOWL,"Werewolf Therapeutics, Inc.",
540,SNTG,Sentage Holdings Inc.,
541,DOMH,Dominari Holdings Inc.,
542,CYN,Cyngn Inc.,
543,GLMD,Galmed Pharmaceuticals Ltd.,
544,,"Sage Therapeutics, Inc.",
545,PEPG,PepGen Inc.,
546,ERII,"Energy Recovery, Inc.",
547,DRTS,Alpha Tau Medical Ltd.,
548,DRTSW,Alpha Tau Medical Ltd.,
549,XBIO,"Xenetic Biosciences, Inc.",
550,RVSN,Rail Vision Ltd.,
551,RVSNW,Rail Vision Ltd.,
552,VTVT,vTv Therapeutics Inc.,
553,SVA,SINOVAC BIOTECH LTD,
554,PVLA,"PALVELLA THERAPEUTICS, INC.",
555,KULR,"KULR Technology Group, Inc.",
556,ZNTL,"Zentalis Pharmaceuticals, Inc.",
557,CSTL,CASTLE BIOSCIENCES INC,
558,WAI,Top KingWin Ltd,
559,KRYS,"Krystal Biotech, Inc.",
560,ALXO,ALX ONCOLOGY HOLDINGS INC,
561,DFTX,"Definium Therapeutics, Inc.",
562,NXL,"Nexalin Technology, Inc.",
563,NIHK,"Video River Networks, Inc.",
564,MPLT,"MapLight Therapeutics, Inc.",
565,RAVE,"RAVE RESTAURANT GROUP, INC.",
566,VGAS,"Verde Clean Fuels, Inc.",
567,VGASW,"Verde Clean Fuels, Inc.",
568,OLED,UNIVERSAL DISPLAY CORP \PA\,
569,CRBU,"Caribou Biosciences, Inc.",
570,INSP,"Inspire Medical Systems, Inc.",
571,ASST,"Strive, Inc.",
572,SATA,"Strive, Inc.",
573,,SCPHARMACEUTICALS INC.,
574,CEVA,CEVA INC,
575,NN,NEXTNAV INC.,
576,NNAVW,NEXTNAV INC.,
577,NXNVW,NEXTNAV INC.,
578,CRDF,"Cardiff Oncology, Inc.",
579,SRTA,"Strata Critical Medical, Inc.",
580,LYEL,"Lyell Immunopharma, Inc.",
581,APRE,"Aprea Therapeutics, Inc.",
582,PPTA,PERPETUA RESOURCES CORP.,
583,SKIN,SkinHealth Systems Inc.,
584,TK,TEEKAY CORP LTD,
585,SPCB,SuperCom Ltd,
586,KIDS,ORTHOPEDIATRICS CORP,
587,IPGP,IPG PHOTONICS CORP,
588,TNGX,"Tango Therapeutics, Inc.",
589,SOBR,"SOBR Safe, Inc.",
590,CAMP,Camp4 Therapeutics Corp,
591,MGX,"Metagenomi Therapeutics, Inc.",
592,GOSS,"Gossamer Bio, Inc.",
593,TAYD,"TAYLOR DEVICES, INC.",
594,PETZ,"TDH Holdings, Inc.",
595,LCTC,"Lifeloc Technologies, Inc",
596,TALK,"Talkspace, Inc.",
597,TALKW,"Talkspace, Inc.",
598,ENLV,Enlivex Ltd.,
599,YALA,Yalla Group Ltd,
600,MYSE,"Myseum.AI, Inc.",
601,MYSEW,"Myseum.AI, Inc.",
602,,Repare Therapeutics Inc.,
603,KZR,"Kezar Life Sciences, Inc.",
604,FBRX,"Forte Biosciences, Inc.",
605,AI,"C3.ai, Inc.",
606,RBOT,Vicarious Surgical Inc.,
607,RBOTW,Vicarious Surgical Inc.,
608,KOD,Kodiak Sciences Inc.,
609,CORZ,"Core Scientific, Inc./tx",
610,CORZW,"Core Scientific, Inc./tx",
611,CORZR,"Core Scientific, Inc./tx",
612,CORZZ,"Core Scientific, Inc./tx",
613,,"GLOBAL INDUSTRY PRODUCTS, CORP.",
614,KRP,"Kimbell Royalty Partners, LP",
615,CIX,COMPX INTERNATIONAL INC,
616,AMLX,"Amylyx Pharmaceuticals, Inc.",
617,ZIP,"ZIPRECRUITER, INC.",
618,SCIA,"SCI Engineered Materials, Inc.",
619,UG,UNITED GUARDIAN INC,
620,XNCR,Xencor Inc,
621,KTTA,Pasithea Therapeutics Corp.,
622,KTTAW,Pasithea Therapeutics Corp.,
623,,MERUS N.V.,
624,UMAC,"Unusual Machines, Inc.",
625,MBLY,Mobileye Global Inc.,
626,GBR,"New Concept Energy, Inc.",
627,PSNL,"Personalis, Inc.",
628,TNXP,Tonix Pharmaceuticals Holding Corp.,
629,QDMI,QDM International Inc.,
630,BIO,"BIO-RAD LABORATORIES, INC.",
631,BIO-B,"BIO-RAD LABORATORIES, INC.",
632,MRAM,EVERSPIN TECHNOLOGIES INC.,
633,NRIX,"Nurix Therapeutics, Inc.",
634,ABOS,"Acumen Pharmaceuticals, Inc.",
635,XTGRF,XTRA-GOLD RESOURCES CORP,
636,ALF,Centurion Acquisition Corp.,
637,ALFUU,Centurion Acquisition Corp.,
638,ALFUW,Centurion Acquisition Corp.,
639,SMCI,"Super Micro Computer, Inc.",
640,FENC,FENNEC PHARMACEUTICALS INC.,
641,MRKR,"Marker Therapeutics, Inc.",
642,,"Intra-Cellular Therapies, Inc.",
643,DTIL,PRECISION BIOSCIENCES INC,
644,FCEL,FUELCELL ENERGY INC,
645,FCELB,FUELCELL ENERGY INC,
646,CWCO,Consolidated Water Co. Ltd.,
647,CLIR,ClearSign Technologies Corp,
648,ODYS,Odysight.ai Inc.,
649,PRM,"Perimeter Solutions, Inc.",
650,MP,MP Materials Corp. / DE,
651,BBNX,"Beta Bionics, Inc.",
652,TOFB,TOFUTTI BRANDS INC,
653,COHU,COHU INC,
654,SLDP,"Solid Power, Inc.",
655,SLDPW,"Solid Power, Inc.",
656,INHD,INNO HOLDINGS INC.,
657,TGTX,"TG THERAPEUTICS, INC.",
658,ZBIO,"Zenas BioPharma, Inc.",
659,VNOV,VitaNova Life Sciences Corp,
660,ILAG,Intelligent Living Application Group Inc.,
661,TSEM,TOWER SEMICONDUCTOR LTD,
662,RCAT,"Red Cat Holdings, Inc.",
663,CYTK,CYTOKINETICS INC,
664,LSTA,"LISATA THERAPEUTICS, INC.",
665,CABA,"Cabaletta Bio, Inc.",
666,HYPR,"Hyperfine, Inc.",
667,SLAB,SILICON LABORATORIES INC.,
668,RSKD,RISKIFIED LTD.,
669,,DFP HOLDINGS LIMITED,
670,NOBH,NOBILITY HOMES INC,
671,QBTS,D-Wave Quantum Inc.,
672,MLGO,MicroAlgo Inc.,
673,VENAF,MicroAlgo Inc.,
674,LAW,"CS Disco, Inc.",
675,TWFG,"TWFG, Inc.",
676,MDGL,"MADRIGAL PHARMACEUTICALS, INC.",
677,ARWR,"ARROWHEAD PHARMACEUTICALS, INC.",
678,ABEO,ABEONA THERAPEUTICS INC.,
679,GRCE,"Grace Therapeutics, Inc.",
680,,"Titan Pharmaceuticals, Inc.",
681,QNCX,"Quince Therapeutics, Inc.",
682,BJDX,"Bluejay Diagnostics, Inc.",
683,IMVT,"Immunovant, Inc.",
684,LRN,"Stride, Inc.",
685,HAO,Haoxi Health Technology Ltd,
686,ALMS,ALUMIS INC.,
687,URGN,UroGen Pharma Ltd.,
688,PEN,Penumbra Inc,
689,GRTX,"Galera Therapeutics, Inc.",
690,XAEIU,AEI INCOME & GROWTH FUND XXII LTD PARTNERSHIP,
691,KLIC,KULICKE & SOFFA INDUSTRIES INC,
692,GKOS,GLAUKOS Corp,
693,URG,UR-ENERGY INC,
694,ORKT,ORANGEKLOUD TECHNOLOGY INC.,
695,ADMA,"ADMA BIOLOGICS, INC.",
696,PLTR,Palantir Technologies Inc.,
697,SWKS,"SKYWORKS SOLUTIONS, INC.",
698,CRUS,"CIRRUS LOGIC, INC.",
699,SLGL,Sol-Gel Technologies Ltd.,
700,CMPS,COMPASS Pathways plc,
701,MGPI,MGP INGREDIENTS INC,
702,PCSC,Perceptive Capital Solutions Corp,
703,CTKB,"Cytek Biosciences, Inc.",
704,,Mural Oncology plc,
705,LPRO,Open Lending Corp,
706,LTRN,Lantern Pharma Inc.,
707,CYCN,"Cyclerion Therapeutics, Inc.",
708,SNDX,Syndax Pharmaceuticals Inc,
709,IRTC,"iRhythm Holdings, Inc.",
710,,COHEN CIRCLE ACQUISITION CORP. I,
711,MPX,"MARINE PRODUCTS GROUP, LLC",
712,STOK,"Stoke Therapeutics, Inc.",
713,JBIO,"Jade Biosciences, Inc.",
714,BETA,"BETA Technologies, Inc.",
715,MNDO,MIND CTI LTD,
716,GAFC,Guru App Factory Corp,
717,CAPN,Cayson Acquisition Corp,
718,CAPNR,Cayson Acquisition Corp,
719,CAPNU,Cayson Acquisition Corp,
720,NTLA,"Intellia Therapeutics, Inc.",
721,NVTS,Navitas Semiconductor Corp,
722,IVDN,INNOVATIVE DESIGNS INC,
723,YHNA,YHN Acquisition I Ltd,
724,YHNAR,YHN Acquisition I Ltd,
725,YHNAU,YHN Acquisition I Ltd,
726,,"Adverum Biotechnologies, Inc.",
727,CCCC,"C4 Therapeutics, Inc.",
728,LAB,STANDARD BIOTOOLS INC.,
729,MPTI,"M-tron Industries, Inc.",
730,,"Chimerix, Inc.",
731,OM,"Outset Medical, Inc.",
732,,Protopia Global Holdings Inc.,
733,NDRA,ENDRA Life Sciences Inc.,
734,CVR,CHICAGO RIVET & MACHINE CO,
735,LASR,"NLIGHT, INC.",
736,OPEN,Opendoor Technologies Inc.,
737,OPENL,Opendoor Technologies Inc.,
738,OPENZ,Opendoor Technologies Inc.,
739,OPENW,Opendoor Technologies Inc.,
740,TNK,TEEKAY TANKERS LTD.,
741,PLAB,PHOTRONICS INC,
742,PHIO,Phio Pharmaceuticals Corp.,
743,NNOX,Nano-X Imaging Ltd.,
744,OPXS,Optex Systems Holdings Inc,
745,GEOS,GEOSPACE TECHNOLOGIES CORP,
746,API,"Agora, Inc.",
747,DNA,"Ginkgo Bioworks Holdings, Inc.",
748,DNABW,"Ginkgo Bioworks Holdings, Inc.",
749,CARL,"CARLSMED, INC.",
750,ALDX,"Aldeyra Therapeutics, Inc.",
751,PRME,"Prime Medicine, Inc.",
752,LUNG,Pulmonx Corp,
753,GERN,GERON CORP,
754,VYGR,"Voyager Therapeutics, Inc.",
755,ATHM,Autohome Inc.,
756,,NABORS ENERGY TRANSITION CORP. II,
757,DFDV,DeFi Development Corp.,
758,DFDVW,DeFi Development Corp.,
759,DFUKF,DeFi Development Corp.,
760,LXEO,"Lexeo Therapeutics, Inc.",
761,CHCI,"Comstock Holding Companies, Inc.",
762,LNTH,"Lantheus Holdings, Inc.",
763,LAES,SEALSQ Corp,
764,,GENERATION BIO CO.,
765,ENVX,Enovix Corp,
766,ATYR,aTYR PHARMA INC,
767,ENTA,ENANTA PHARMACEUTICALS INC,
768,SYRA,Syra Health Corp,
769,CALM,CAL-MAINE FOODS INC,
770,SODI,SOLITRON DEVICES INC,
771,ACHV,"ACHIEVE LIFE SCIENCES, INC.",
772,INSM,INSMED Inc,
773,,"Surmodics, Inc.",
774,HSTA,Hestia Insight Inc.,
775,LXRX,"LEXICON PHARMACEUTICALS, INC.",
776,PSQH,"PSQ Holdings, Inc.",
777,PSQH-WT,"PSQ Holdings, Inc.",
778,WULF,TERAWULF INC.,
779,TSHA,"Taysha Gene Therapies, Inc.",
780,DSNY,DESTINY MEDIA TECHNOLOGIES INC,
781,ACLS,AXCELIS TECHNOLOGIES INC,
782,DV,"DoubleVerify Holdings, Inc.",
783,SHAZ,SharonAI Holdings Inc.,
784,SHAZW,SharonAI Holdings Inc.,
785,MREO,Mereo BioPharma Group plc,
786,BTBT,"Bit Digital, Inc",
787,NPCE,NeuroPace Inc,
788,CALC,"CalciMedica, Inc.",
789,,"METSERA, INC.",
790,BMRN,BIOMARIN PHARMACEUTICAL INC,
791,SRZN,"Surrozen, Inc./DE",
792,SRZNW,"Surrozen, Inc./DE",
793,COGT,"Cogent Biosciences, Inc.",
794,GDRX,"GoodRx Holdings, Inc.",
795,OVID,Ovid Therapeutics Inc.,
796,AMIX,"Autonomix Medical, Inc.",
797,MPWR,MONOLITHIC POWER SYSTEMS INC,
798,NEPH,NEPHROS INC,
799,VHC,VirnetX Holding Corp,
800,MODD,"Modular Medical, Inc.",
801,APPF,APPFOLIO INC,
802,PRLD,Prelude Therapeutics Inc,
803,PSHG,Performance Shipping Inc.,
804,CYRX,"Cryoport, Inc.",
805,CLRO,CLEARONE INC,
806,LOAR,Loar Holdings Inc.,
807,NSPR,"InspireMD, Inc.",
808,IMRX,Immuneering Corp,
809,EVEX,"Eve Holding, Inc.",
810,EVEX-WT,"Eve Holding, Inc.",
811,APYX,Apyx Medical Corp,
812,MHUAF,"Meihua International Medical Technologies Co., Ltd.",
813,CGEN,COMPUGEN LTD,
814,SMR,NUSCALE POWER Corp,
815,UTHR,UNITED THERAPEUTICS Corp,
816,STAA,STAAR SURGICAL CO,
817,SBET,"Sharplink, Inc.",
818,ISSC,INNOVATIVE SOLUTIONS & SUPPORT INC,
819,DWTX,"Dogwood Therapeutics, Inc.",
820,HCC,"WARRIOR MET COAL, INC.",
821,MDB,"MongoDB, Inc.",
822,SLDB,Solid Biosciences Inc.,
823,LEAT,Leatt Corp,
824,VOR,Vor Biopharma Inc.,
825,TRAK,"ReposiTrak, Inc.",
826,CPRX,"CATALYST PHARMACEUTICALS, INC.",
827,UAMY,UNITED STATES ANTIMONY CORP,
828,XOMA,XOMA Royalty Corp,
829,XOMAO,XOMA Royalty Corp,
830,XOMAP,XOMA Royalty Corp,
831,IDR,"Idaho Strategic Resources, Inc.",
832,,"IGM Biosciences, Inc.",
833,TLF,TANDY LEATHER FACTORY INC,
834,FABC,"Fabric.AI, Inc.",
835,ELMD,"Electromed, Inc.",
836,HIT,"Health In Tech, Inc.",
837,FTEK,"FUEL TECH, INC.",
838,ON,ON SEMICONDUCTOR CORP,
839,MLI,MUELLER INDUSTRIES INC,
840,DQ,DAQO NEW ENERGY CORP.,
841,BRID,BRIDGFORD FOODS CORP,
842,PLUR,Pluri Inc.,
843,TBPH,"Theravance Biopharma, Inc.",
844,SITM,SITIME Corp,
845,SNES,"SenesTech, Inc.",
846,AUUD,AUDDIA INC.,
847,LIVG,"Livento Group, Inc.",
848,TELA,"TELA Bio, Inc.",
849,CAMT,CAMTEK LTD,
850,CWAN,"Clearwater Analytics Holdings, Inc.",
851,CMMB,Chemomab Therapeutics Ltd.,
852,JSPR,"Jasper Therapeutics, Inc.",
853,JSPRW,"Jasper Therapeutics, Inc.",
854,QTTB,Q32 Bio Inc.,
855,TXG,"10x Genomics, Inc.",
856,LINK,INTERLINK ELECTRONICS INC,
857,ARM,ARM HOLDINGS PLC /UK,
858,TWST,Twist Bioscience Corp,
859,FF,FutureFuel Corp.,
860,KPRX,KIORA PHARMACEUTICALS INC,
861,KPHMW,KIORA PHARMACEUTICALS INC,
862,MARA,"MARA Holdings, Inc.",
863,CLAR,Clarus Corp,
864,,"Gulf Island Fabrication, Inc.",
865,NPK,NATIONAL PRESTO INDUSTRIES INC,
866,HURC,HURCO COMPANIES INC,
867,BDTX,"Black Diamond Therapeutics, Inc.",
868,ALGM,"ALLEGRO MICROSYSTEMS, INC.",
869,KVYO,"Klaviyo, Inc.",
870,UFPI,UFP INDUSTRIES INC,
871,NTRB,NutriBand Inc.,
872,NTRBW,NutriBand Inc.,
873,ANIK,"Anika Therapeutics, Inc.",
874,,"RAPT Therapeutics, Inc.",
875,,"Viper Energy, Inc.",
876,VNOM,"Viper Energy, Inc.",
877,BXC,BlueLinx Holdings Inc.,
878,FLGT,"Fulgent Genetics, Inc.",
879,PRDO,PERDOCEO EDUCATION Corp,
880,ALCO,"ALICO, INC.",
881,IPI,"Intrepid Potash, Inc.",
882,BEAM,Beam Therapeutics Inc.,
883,INDI,"indie Semiconductor, Inc.",
884,AOUT,"American Outdoor Brands, Inc.",
885,,Allakos Inc.,
886,OFLX,"Omega Flex, Inc.",
887,,"ARCELLX, INC.",
888,YYAI,AIRWA INC.,
889,COCP,"Cocrystal Pharma, Inc.",
890,LITE,Lumentum Holdings Inc.,
891,SCWO,374Water Inc.,
892,PGEN,"PRECIGEN, INC.",
893,,CORECARD CORPORATION,
894,SCND,SCIENTIFIC INDUSTRIES INC,
895,,"Forge Global Holdings, Inc.",
896,MX,MAGNACHIP SEMICONDUCTOR Corp,
897,VCYT,"VERACYTE, INC.",
898,REGN,"REGENERON PHARMACEUTICALS, INC.",
899,BNBX,BNB PLUS CORP.,
900,SPRS,SURGE COMPONENTS INC,
901,EBF,"ENNIS, INC.",
902,WKEY,Wisekey International Holding S.A.,
903,WSKEF,Wisekey International Holding S.A.,
904,RIVN,"Rivian Automotive, Inc. / DE",
905,SSRM,SSR MINING INC.,
906,SSRGF,SSR MINING INC.,
907,JOB,GEE Group Inc.,
908,IRWD,IRONWOOD PHARMACEUTICALS INC,
909,BUDA,"BUDA JUICE, INC.",
910,GH,"Guardant Health, Inc.",
911,AQST,"Aquestive Therapeutics, Inc.",
912,FAST,FASTENAL CO,
913,ARCT,Arcturus Therapeutics Holdings Inc.,
914,,"2seventy bio, Inc.",
915,ABSI,Absci Corp,
916,SWBI,"SMITH & WESSON BRANDS, INC.",
917,BBIO,"BridgeBio Pharma, Inc.",
918,GRWG,GrowGeneration Corp.,
919,BYND,"BEYOND MEAT, INC.",
920,ARVN,"ARVINAS, INC.",
921,EDHL,Everbright Digital Holding Ltd.,
922,DRDB,Roman DBDR Acquisition Corp. II,
923,DRDBW,Roman DBDR Acquisition Corp. II,
924,DRDBU,Roman DBDR Acquisition Corp. II,
925,,NEVRO CORP.,
926,TMCI,"TREACE MEDICAL CONCEPTS, INC.",
927,FORM,FORMFACTOR INC,
928,RPID,"RAPID MICRO BIOSYSTEMS, INC.",
929,SKLZ,Skillz Inc.,
930,SI,"SHOULDER INNOVATIONS, INC.",
931,MITK,MITEK SYSTEMS INC,
932,ARDX,"ARDELYX, INC.",
933,GNLX,GENELUX Corp,
934,,"INTEVAC, INC.",
935,BMI,BADGER METER INC,
936,AUPH,Aurinia Pharmaceuticals Inc.,
937,ANY,Sphere 3D Corp.,
938,VTSI,"VirTra, Inc",
939,ZM,"Zoom Communications, Inc.",
940,EAF,GRAFTECH INTERNATIONAL LTD,
941,BLFS,BIOLIFE SOLUTIONS INC,
942,PBSV,"Pharma-Bio Serv, Inc.",
943,SEII,SHARING ECONOMY INTERNATIONAL INC.,
944,TRT,TRIO-TECH INTERNATIONAL,
945,NOAH,NOAH HOLDINGS LTD,
946,WING,Wingstop Inc.,
947,GCTK,"Glucotrack, Inc.",
948,OABI,"OmniAb, Inc.",
949,OABIW,"OmniAb, Inc.",
950,RELL,"RICHARDSON ELECTRONICS, LTD.",
951,VEEV,VEEVA SYSTEMS INC,
952,AVR,Anteris Technologies Global Corp.,
953,ALG,ALAMO GROUP INC,
954,FRSX,Foresight Autonomous Holdings Ltd.,
955,RCUS,"Arcus Biosciences, Inc.",
956,SNTI,"Senti Biosciences Holdings, Inc.",
957,RDVT,"Red Violet, Inc.",
958,VERU,VERU INC.,
959,IZEA,"IZEA Worldwide, Inc.",
960,VPG,"Vishay Precision Group, Inc.",
961,CALX,"CALIX, INC",
962,,"Zynex, Inc.",
963,JAZZ,Jazz Pharmaceuticals plc,
964,DYNC,Dynamix Corp,
965,DYNCU,Dynamix Corp,
966,DYNCW,Dynamix Corp,
967,XCUR,"EXICURE, INC.",
968,RLMD,"RELMADA THERAPEUTICS, INC.",
969,NVDA,NVIDIA CORP,
970,EPSM,Epsium Enterprise Ltd,
971,CLGN,CollPlant Biotechnologies Ltd,
972,CLSDQ,"Clearside Biomedical, Inc.",
973,LQDA,Liquidia Corp,
974,WEYS,WEYCO GROUP INC,
975,TARS,"Tarsus Pharmaceuticals, Inc.",
976,BKHA,Black Hawk Acquisition Corp,
977,BKHAR,Black Hawk Acquisition Corp,
978,BKHAU,Black Hawk Acquisition Corp,
979,TPB,"Turning Point Brands, Inc.",
980,AEIS,ADVANCED ENERGY INDUSTRIES INC,
981,FRPT,"Freshpet, Inc.",
982,CODX,"Co-Diagnostics, Inc.",
983,,LAVA Therapeutics NV,
984,NEXR,Nexera Technologies Ltd,
985,NEXRW,Nexera Technologies Ltd,
986,TNON,"Tenon Medical, Inc.",
987,TNONW,"Tenon Medical, Inc.",
988,VNDA,Vanda Pharmaceuticals Inc.,
989,FCUV,FOCUS UNIVERSAL INC.,
990,IMCR,Immunocore Holdings plc,
991,XMTR,"Xometry, Inc.",
992,,OLYMPIC STEEL INC,
993,CANF,Can-Fite BioPharma Ltd.,
994,TCNNF,Trulieve Cannabis Corp.,
995,VREX,Varex Imaging Corp,
996,,"Ridgewood Energy T Fund, LLC",
997,TCMD,TACTILE SYSTEMS TECHNOLOGY INC,
998,ANET,"Arista Networks, Inc.",
999,WLKP,Westlake Chemical Partners LP,
1000,VYNE,VYNE Therapeutics Inc.,
1001,DTST,Data Storage Corp,
1002,DTSTW,Data Storage Corp,
1003,AORT,"ARTIVION, INC.",
1004,MOV,MOVADO GROUP INC,
1005,MOVAA,MOVADO GROUP INC,
1006,WHD,"Cactus, Inc.",
1007,DMRC,Digimarc CORP,
1008,SILO,"Silo Pharma, Inc.",
1009,MMSI,MERIT MEDICAL SYSTEMS INC,
1010,OBIO,"Orchestra BioMed Holdings, Inc.",
1011,NKTR,NEKTAR THERAPEUTICS,
1012,APLS,"Apellis Pharmaceuticals, Inc.",
1013,,"CIDARA THERAPEUTICS, INC.",
1014,RGR,STURM RUGER & CO INC,
1015,FIGS,"FIGS, Inc.",
1016,ASC,Ardmore Shipping Corp,
1017,PGAC,PANTAGES CAPITAL ACQUISITION Corp,
1018,PGACU,PANTAGES CAPITAL ACQUISITION Corp,
1019,PGACR,PANTAGES CAPITAL ACQUISITION Corp,
1020,PAY,"Paymentus Holdings, Inc.",
1021,JOUT,JOHNSON OUTDOORS INC,
1022,VCEL,Vericel Corp,
1023,SMPL,Simply Good Foods Co,
1024,GRAF,Graf Global Corp.,
1025,GRAF-UN,Graf Global Corp.,
1026,GRAF-WT,Graf Global Corp.,
1027,AIOS,AIOS Tech Inc.,
1028,AVAV,AeroVironment Inc,
1029,TNYA,"Tenaya Therapeutics, Inc.",
1030,FSLY,"Fastly, Inc.",
1031,LIQT,LIQTECH INTERNATIONAL INC,
1032,MDXG,"MIMEDX GROUP, INC.",
1033,CARG,"CarGurus, Inc.",
1034,TWLO,TWILIO INC,
1035,KAPA,"Kairos Pharma, LTD.",
1036,PHAT,"Phathom Pharmaceuticals, Inc.",
1037,SRPT,"Sarepta Therapeutics, Inc.",
1038,RDCM,RADCOM LTD,
1039,AWRE,AWARE INC /MA/,
1040,AZTA,"Azenta, Inc.",
1041,SPCE,"Virgin Galactic Holdings, Inc",
1042,CSW,"CSW INDUSTRIALS, INC.",
1043,LCID,"Lucid Group, Inc.",
1044,,"OPGEN, INC.",
1045,CDXS,"CODEXIS, INC.",
1046,PXLW,"PIXELWORKS, INC",
1047,EW,Edwards Lifesciences Corp,
1048,LONA,"LeonaBio, Inc.",
1049,ACU,ACME UNITED CORP,
1050,,Turnstone Biologics Corp.,
1051,DAIO,DATA I/O CORP,
1052,PLUT,Plutus Financial Group Ltd,
1053,ADIL,"ADIAL PHARMACEUTICALS, INC.",
1054,,"Y-mAbs Therapeutics, Inc.",
1055,NCSM,"NCS Multistage Holdings, Inc.",
1056,FUFU,Bitfufu Inc.,
1057,FUFUW,Bitfufu Inc.,
1058,SNA,Snap-on Inc,
1059,SLP,"Simulations Plus, Inc.",
1060,ARQT,"Arcutis Biotherapeutics, Inc.",
1061,TWAV,"TaoWeave, Inc.",
1062,ALNT,ALLIENT INC,
1063,FCFS,"FirstCash Holdings, Inc.",
1064,NAKA,Nakamoto Inc.,
1065,NAKAW,Nakamoto Inc.,
1066,TRC,TEJON RANCH CO,
1067,TLS,TELOS CORP,
1068,AMR,"Alpha Metallurgical Resources, Inc.",
1069,TXN,TEXAS INSTRUMENTS INC,
1070,,CHASE GENERAL CORP,
1071,ELA,Envela Corp,
1072,SBFM,Sunshine Biopharma Inc.,
1073,SBFMW,Sunshine Biopharma Inc.,
1074,SCVL,SHOE CARNIVAL INC,
1075,,"TRUECAR, INC.",
1076,GNTX,GENTEX CORP,
1077,BKSY,BlackSky Technology Inc.,
1078,BKSY-WT,BlackSky Technology Inc.,
1079,RNXT,"RenovoRx, Inc.",
1080,MASS,908 Devices Inc.,
1081,HDSN,HUDSON TECHNOLOGIES INC /NY,
1082,IIIN,INSTEEL INDUSTRIES INC,
1083,CIIT,"Tianci International, Inc.",
1084,NC,NACCO INDUSTRIES INC,
1085,INAB,"IN8BIO, INC.",
1086,SEIC,SEI INVESTMENTS CO,
1087,IMNM,Immunome Inc.,
1088,ISRG,INTUITIVE SURGICAL INC,
1089,TMRC,Texas Mineral Resources Corp.,
1090,PASG,"Passage BIO, Inc.",
1091,,"SUNLINK HEALTH SYSTEMS, INC.",
1092,XPEL,"XPEL, Inc.",
1093,,SERVOTRONICS INC /DE/,
1094,,"Luminar Technologies, Inc./DE",
1095,GSIT,GSI TECHNOLOGY INC,
1096,DTSQ,DT Cloud Star Acquisition Corp,
1097,DTSQU,DT Cloud Star Acquisition Corp,
1098,DTSQR,DT Cloud Star Acquisition Corp,
1099,RES,RPC INC,
1100,DYAI,DYADIC INTERNATIONAL INC,
1101,ROG,ROGERS CORP,
1102,NTRA,"Natera, Inc.",
1103,AMPX,"Amprius Technologies, Inc.",
1104,AMPX-WT,"Amprius Technologies, Inc.",
1105,BFLY,"Butterfly Network, Inc.",
1106,MIRA,"MIRA PHARMACEUTICALS, INC.",
1107,,"CONFLUENT, INC.",
1108,ACRS,"Aclaris Therapeutics, Inc.",
1109,SIMO,Silicon Motion Technology CORP,
1110,TCRT,"Alaunos Therapeutics, Inc.",
1111,ALKT,"ALKAMI TECHNOLOGY, INC.",
1112,VECO,VEECO INSTRUMENTS INC,
1113,HAE,HAEMONETICS CORP,
1114,DAC,Danaos Corp,
1115,LPG,DORIAN LPG LTD.,
1116,,BOXABL Inc.,
1117,SNAP,Snap Inc,
1118,INVX,"Innovex International, Inc.",
1119,CTRM,Castor Maritime Inc.,
1120,INBX,"Inhibrx Biosciences, Inc.",
1121,CDNA,"CareDx, Inc.",
1122,TECH,BIO-TECHNE Corp,
1123,DIBS,"1stdibs.com, Inc.",
1124,EQ,"Equillium, Inc.",
1125,OSS,"ONE STOP SYSTEMS, INC.",
1126,DUKR,DUKE Robotics Corp.,
1127,DUKRW,DUKE Robotics Corp.,
1128,MGNX,MACROGENICS INC,
1129,LAKE,LAKELAND INDUSTRIES INC,
1130,NXPL,NextPlat Corp,
1131,NXPLW,NextPlat Corp,
1132,UUUU,ENERGY FUELS INC,
1133,ESCA,ESCALADE INC,
1134,OPTT,"Ocean Power Technologies, Inc.",
1135,SYNA,SYNAPTICS Inc,
1136,NXTS,Nexentis Technologies Inc.,
1137,PRZO,ParaZero Technologies Ltd.,
1138,LNN,LINDSAY CORP,
1139,,EMEREN GROUP LTD,
1140,,"PISMO COAST VILLAGE, INC.",
1141,TONX,TON Strategy Co,
1142,SEI,"Solaris Energy Infrastructure, Inc.",
1143,MWA,"Mueller Water Products, Inc.",
1144,,"HARBOR DIVERSIFIED, INC.",
1145,TR,TOOTSIE ROLL INDUSTRIES INC,
1146,TROLB,TOOTSIE ROLL INDUSTRIES INC,
1147,TKNO,"Alpha Teknova, Inc.",
1148,RXRX,"RECURSION PHARMACEUTICALS, INC.",
1149,,"Ridgewood Energy S Fund, LLC",
1150,BGLC,BioNexus Gene Lab Corp,
1151,,"SPRINGWORKS THERAPEUTICS, INC.",
